"","Map.List","Map.Listm"
"3","Map__Ambridge Reservoir.pdf","Ambridge Reservoir"
"7","Map__Baidland.pdf","Baidland"
"11","Map__Bear Creek.pdf","Bear Creek"
"10","Map__Bear Creek and North Branch Valleys.pdf","Bear Creek and North Branch Valleys"
"12","Map__Beaver Falls.pdf","Beaver Falls"
"13","Map__Beaver River near Fallston.pdf","Beaver River near Fallston"
"15","Map__Big Beaver Borough Wetlands.pdf","Big Beaver Borough Wetlands"
"16","Map__Big Run.pdf","Big Run"
"18","Map__Big Sewickley Creek Woods.pdf","Big Sewickley Creek Woods"
"20","Map__Brady's Run County Park.pdf","Brady's Run County Park"
"22","Map__Branchton Bottoms.pdf","Branchton Bottoms"
"27","Map__Brush Creek at Glen Eden Road.pdf","Brush Creek at Glen Eden Road"
"28","Map__Brush Creek Park.pdf","Brush Creek Park"
"32","Map__Buffalo Creek near Freeport.pdf","Buffalo Creek near Freeport"
"36","Map__Bulldog Run.pdf","Bulldog Run"
"39","Map__Carlton Drive.pdf","Carlton Drive"
"48","Map__Christie Run.pdf","Christie Run"
"50","Map__Coal Run Valley.pdf","Coal Run Valley"
"56","Map__Connoquenessing Creek at Nagel Road.pdf","Connoquenessing Creek at Nagel Road"
"57","Map__Connoquenessing Creek at Old Furnace Road.pdf","Connoquenessing Creek at Old Furnace Road"
"58","Map__Connoquenessing Creek at Shannon Road.pdf","Connoquenessing Creek at Shannon Road"
"59","Map__Connoquenessing Creek at Twin Oak Lane.pdf","Connoquenessing Creek at Twin Oak Lane"
"60","Map__Connoquenessing Creek at Wahlville.pdf","Connoquenessing Creek at Wahlville"
"63","Map__Cornplanter Run-Armstrong & Butler Counties.pdf","Cornplanter Run-Armstrong & Butler Counties"
"64","Map__Cottage Road.pdf","Cottage Road"
"66","Map__Crab Run Road.pdf","Crab Run Road"
"72","Map__Darlington Swamp and North Fork Little Beaver Creek.pdf","Darlington Swamp and North Fork Little Beaver Creek"
"82","Map__East Portersville Road.pdf","East Portersville Road"
"83","Map__Fallston.pdf","Fallston"
"85","Map__Flinner Road.pdf","Flinner Road"
"88","Map__Friendship Hill Slopes.pdf","Friendship Hill Slopes"
"90","Map__Garrison Fork.pdf","Garrison Fork"
"92","Map__Glade Run.pdf","Glade Run"
"91","Map__Glade Run at Glade Mills.pdf","Glade Run at Glade Mills"
"93","Map__Golden Oaks Road.pdf","Golden Oaks Road"
"94","Map__Greene Valley Road.pdf","Greene Valley Road"
"95","Map__Hall Road.pdf","Hall Road"
"104","Map__Hero Road.pdf","Hero Road"
"105","Map__Honey Creek.pdf","Honey Creek"
"110","Map__Jacksville Esker.pdf","Jacksville Esker"
"112","Map__Jennings Environmental Education Center.pdf","Jennings Environmental Education Center"
"115","Map__Knob Run.pdf","Knob Run"
"116","Map__Lake Arthur.pdf","Lake Arthur"
"122","Map__Little Beaver Creek at New Galilee.pdf","Little Beaver Creek at New Galilee"
"123","Map__Little Beaver Creek Floodplain.pdf","Little Beaver Creek Floodplain"
"124","Map__Little Buffalo Creek at Lernerville.pdf","Little Buffalo Creek at Lernerville"
"126","Map__Little Service Run.pdf","Little Service Run"
"128","Map__Logan Road Woodlot.pdf","Logan Road Woodlot"
"131","Map__Lower Raccoon Creek.pdf","Lower Raccoon Creek"
"138","Map__Mahoning Creek Reservoir Shoreline.pdf","Mahoning Creek Reservoir Shoreline"
"139","Map__Merriman's Lake.pdf","Merriman's Lake"
"140","Map__Mill Creek in Beaver County.pdf","Mill Creek in Beaver County"
"145","Map__Monaca Bluffs.pdf","Monaca Bluffs"
"149","Map__Muddy Creek Marsh.pdf","Muddy Creek Marsh"
"151","Map__Nemacolin.pdf","Nemacolin"
"152","Map__New Freeport.pdf","New Freeport"
"153","Map__North Branch Brady Run.pdf","North Branch Brady Run"
"154","Map__North Branch Slippery Rock Creek.pdf","North Branch Slippery Rock Creek"
"155","Map__North Fork Big Sewickley Creek.pdf","North Fork Big Sewickley Creek"
"156","Map__North Fork Little Beaver Creek at State Game Land 285.pdf","North Fork Little Beaver Creek at State Game Land 285"
"157","Map__North Shore Cove Marsh.pdf","North Shore Cove Marsh"
"160","Map__Old Fork Kings Creek.pdf","Old Fork Kings Creek"
"161","Map__Oneida Valley Reservoir.pdf","Oneida Valley Reservoir"
"163","Map__Patterson Road.pdf","Patterson Road"
"165","Map__Pigeon Creek.pdf","Pigeon Creek"
"168","Map__Prospect Road.pdf","Prospect Road"
"170","Map__Raccoon Creek State Park.pdf","Raccoon Creek State Park"
"171","Map__Raccoon Creek Valley.pdf","Raccoon Creek Valley"
"172","Map__Raccoon Creek Wildflower Preserve.pdf","Raccoon Creek Wildflower Preserve"
"179","Map__Rock Falls Park.pdf","Rock Falls Park"
"180","Map__Roenigk Lane.pdf","Roenigk Lane"
"184","Map__Shields Road.pdf","Shields Road"
"185","Map__Slippery Rock Creek at Elliots Mills.pdf","Slippery Rock Creek at Elliots Mills"
"186","Map__Slippery Rock Creek Natural Area.pdf","Slippery Rock Creek Natural Area"
"187","Map__Slippery Rock Creek Tributary.pdf","Slippery Rock Creek Tributary"
"188","Map__South Branch Little Scrubgrass Creek.pdf","South Branch Little Scrubgrass Creek"
"190","Map__South Ragan Road.pdf","South Ragan Road"
"194","Map__State Game Land #95.pdf","State Game Land #95"
"196","Map__Stockman Run.pdf","Stockman Run"
"200","Map__Tamarack Lake.pdf","Tamarack Lake"
"202","Map__The Glades Wildlife Area.pdf","The Glades Wildlife Area"
"204","Map__Thorn Creek.pdf","Thorn Creek"
"203","Map__Thorn Creek at Dinnerbell Road.pdf","Thorn Creek at Dinnerbell Road"
"205","Map__Thorn Reservoir.pdf","Thorn Reservoir"
"213","Map__Upper Buffalo Creek.pdf","Upper Buffalo Creek"
"216","Map__West Liberty Fen.pdf","West Liberty Fen"
"217","Map__West Liberty Road.pdf","West Liberty Road"
"220","Map__Whiteley Creek at Mapletown.pdf","Whiteley Creek at Mapletown"
"222","Map__Wolf Creek Valley.pdf","Wolf Creek Valley"
